Province,Municipality,Name,Total Fines,Total Budget,Population
EC,EC103,Ikwezi,0,38307054,10537
FS,FS162,Kopanong,0,0,49171
KZN,KZN211,Vulamehlo,0,65786582,77403
KZN,KZN213,Umzumbe,0,95404172,160975
KZN,KZN233,Indaka,0,73354668,103116
KZN,KZN244,Msinga,0,80091422,177577
KZN,KZN283,Ntambanana,0,48954968,74336
KZN,KZN286,Nkandla,0,78022667,114416
KZN,KZN293,Ndwedwe,0,81723776,140820
NC,NC081,Mier,0,27803417,7003
NC,NC451,Joe Morolong,0,95241448,89530
NW,NW371,Moretele,0,229846539,186947
NW,NW375,Moses Kotane,0,0,242554
NW,NW381,Ratlou,0,96256243,107339
NW,NW397,Kagisano-Molopo,0,0,105789
NW,NW394,Greater Taung,0,142534595,177642
NW,NW382,Tswaing,0,140557972,124218
MP,MP325,Bushbuckridge,0,0,541248
MP,MP311,Victor Khanye,0,0,75452
LIM,LIM475,Greater Tubatse,0,0,335676
LIM,LIM367,Mogalakwena,0,0,307682
EC,EC133,Inkwanca,0,65980942,21971
MP,MP305,Lekwa,0,0,115662
LIM,LIM471,Ephraim Mogale,0,0,123648
NC,NC084,!Kheis,0,28511875,16637
LIM,LIM335,Maruleng,0,91143626,94857
FS,FS201,Moqhaka,0,0,160532
LIM,LIM352,Aganang,0,144401524,131164
NW,NW402,Tlokwe,0,0,162762
WC,WC047,Bitou,0,0,49162
WC,WC051,Laingsburg,0,0,8289
KZN,KZN215,Ezingoleni,200,38359054,52540
FS,FS164,Naledi,921,81365059,24314
NC,NC064,Kamiesberg,934,33122289,10187
NC,NC067,Khâi-Ma,3050,46660715,12465
NC,NC092,Dikgatlong,8210,125427560,46841
EC,EC132,Tsolwana,4402,66070490,33281
KZN,KZN214,uMuziwabantu,271,3774325,96556
EC,EC138,Sakhisizwe,8669,98965966,63582
FS,FS181,Masilonyana,16005,172964103,63334
EC,EC137,Engcobo,12050,127060583,155513
NC,NC075,Renosterberg,7450,59749033,10978
NC,NC074,Kareeberg,5910,42704498,11673
NC,NC066,Karoo Hoogland,5519,36928684,12588
EC,EC123,Great Kei,11200,68091690,38991
NC,NC061,Richtersveld,8347,48091443,11982
KZN,KZN234,Umtshezi,62090,294154489,83153
EC,EC107,Baviaans,9250,43586876,17761
FS,FS185,Nala,70130,327704697,81220
EC,EC142,Senqu,34000,158360741,134150
EC,EC144,Gariep,14443,63327053,33677
EC,EC124,Amahlathi,37581,162755212,122778
KZN,KZN291,Mandeni,59103,174758086,138078
EC,EC134,Lukhanji,183828,538211997,190723
EC,EC155,Nyandeni,59100,172662586,290390
KZN,KZN236,Imbabazane,29700,85841639,113073
NC,NC086,Kgatelopele,24232,69619131,18687
LIM,LIM331,Greater Giyani,71373,201587989,244217
NW,NW393,Mamusa,41754,111008490,60355
FS,FS193,Nketoana,94074,216406989,60324
LIM,LIM365,Modimolle,102800,235897208,68513
FS,FS161,Letsemeng,48520,107427200,38628
FS,FS205,Mafube,73870,160138041,57876
NC,NC085,Tsantsabane,81269,171404741,35093
EC,EC102,Blue Crane Route,80425,163357691,36002
NC,NC094,Phokwane,99160,180205172,63000
NC,NC082,Kai !Garib,83781,151652698,65869
NC,NC077,Siyathemba,32010,57169467,21591
KZN,KZN226,Mkhambathini,34340,60798145,63142
KZN,KZN221,uMshwathi,59707,104816646,106374
FS,FS195,Phumelela,64404,102589591,47772
EC,EC108,Kouga,357247,538366101,98558
LIM,LIM473,Makhuduthamaga,156030,232910241,274358
EC,EC153,Ingquza Hill,150000,223804009,278481
EC,EC136,Emalahleni,115439,162305356,119460
FS,FS182,Tokologo,54600,68951804,28986
KZN,KZN224,Impendle,23500,28896798,33105
NC,NC078,Siyancuma,86940,106779041,37076
KZN,KZN253,eMadlangeni,57431,67588221,34442
FS,FS194,Maluti-a-Phofung,842712,927087660,335784
NC,NC062,Nama Khoi,211368,210513712,47041
EC,EC127,Nkonkobe,196955,185983988,127115
MP,MP314,Emakhazeni,198733,176591193,47216
EC,EC156,Mhlontlo,183379,140335897,188226
NC,NC065,Hantam,91096,68863700,21578
KZN,KZN274,Hlabisa,68465,51597570,71925
BU,BUF,Buffalo City,5909971,4441898649,755200
EC,EC131,Inxuba Yethemba,295478,215828717,65560
NW,NW384,Ditsobotla,428861,296197543,168902
FS,FS203,Ngwathe,826390,539021483,120520
KZN,KZN227,Richmond,138000,81804354,65793
NMA,NMA,Nelson Mandela Bay,12808381,7473948478,1152115
MP,MP301,Albert Luthuli,495161,281183276,186010
NC,NC083,//Khara Hais,873270,481899719,93494
MP,MP312,Emalahleni,3150968,1660797569,395466
EC,EC157,King Sabata Dalindyebo,1351313,689426589,451710
EC,EC135,Intsika Yethu,407506,207868818,145372
EC,EC105,Ndlambe,432880,219542765,61176
KZN,KZN434,Ubuhlebezwe,187605,94695978,101691
FS,FS183,Tswelopele,299000,145924150,47625
EC,EC443,Mbizana,356259,171625070,281905
EC,EC143,Maletswai,246349,115201229,43800
KZN,KZN262,uPhongolo,284950,130704449,127238
MP,MP316,Dr JS Moroka,1170795,529711827,249705
NW,NW372,Madibeng,2469180,1109144691,477381
EC,EC101,Camdeboo,438392,195911171,50993
EC,EC104,Makana,655711,287696029,80390
FS,FS184,Matjhabeng,3915269,1645024257,406461
LIM,LIM362,Lephalale,787211,326325171,115767
GT,GT484,Merafong City,3365442,1388547870,197520
FS,FS196,Mantsopa,491350,196163638,51056
LIM,LIM364,Mookgophong,283828,113002795,35640
MP,MP321,Thaba Chweu,799773,316277362,98387
LIM,LIM344,Makhado,1460989,569454250,516031
NC,NC093,Magareng,202461,78341340,24204
KZN,KZN242,Nquthu,416243,161060990,165307
NC,NC453,Gamagara,775203,273626110,41617
EC,EC154,Port St Johns,296600,99237120,156136
WC,WC014,Saldanha Bay,1999737,668584007,99193
EC,EC126,Ngqushwa,274395,87061082,72190
KZN,KZN265,Nongoma,334063,103669523,194908
KZN,KZN245,Umvoti,595551,176155740,103093
LIM,LIM332,Greater Letaba,651871,189190875,212701
EC,EC128,Nxuba,223500,64853251,24264
NW,NW374,Kgetlengrivier,445840,127440662,51049
EC,EC121,Mbhashe,626813,176137262,254909
MP,MP323,Umjindi,732750,197669989,67156
LIM,LIM355,Lepelle-Nkumpi,893370,215383427,230350
MP,MP304,Pixley Ka Seme,915548,219860459,83235
EC,EC141,Elundini,588667,138737312,138141
KZN,KZN435,Umzimkhulu,531781,119441915,180302
KZN,KZN271,uMhlabuyalingana,475700,97477222,156736
LIM,LIM361,Thabazimbi,1002460,203921626,85234
LIM,LIM333,Greater Tzaneen,3665353,743449001,390095
KZN,KZN433,Greater Kokstad,1262661,247663689,65981
KZN,KZN235,Okhahlamba,577407,112954413,132068
JHB,JHB,Johannesburg,190185000,35812493000,4434827
MP,MP302,Msukaligwa,2525243,466211138,149377
MP,MP324,Nkomazi,2690234,487705121,393030
KZN,KZN254,Dannhauser,475423,81660240,102161
MP,MP306,Dipaleseng,990830,164400195,42390
FS,FS191,Setsoto,2165550,355152031,112597
EC,EC109,Kou-Kamma,656437,107555658,40663
KZN,KZN252,Newcastle,9022484,1456210889,363236
LIM,LIM354,Polokwane,12346564,1932949289,628999
FS,FS163,Mohokare,874540,135326569,34146
NW,NW392,Naledi,1854650,281662457,66781
KZN,KZN223,Mpofana,614925,91908378,38103
LIM,LIM472,Elias Motsoaledi,1666250,245094723,249363
WC,WC033,Cape Agulhas,1399702,205222683,33038
EC,EC122,Mnquma,1372010,200209131,252390
GT,GT482,Randfontein,5209968,757273175,149286
EKU,EKU,Ekurhuleni,167705348,23548606845,3178470
LIM,LIM342,Mutale,422660,59147962,91870
MP,MP315,Thembisile Hani,2939050,409720882,310458
NC,NC072,Umsobomvu,684469,95092980,28376
EC,EC444,Ntabankulu,605789,82595916,123976
NC,NC091,Sol Plaatje,11553669,1521648781,248041
NC,NC452,Ga-Segonyana,2259740,266057763,93651
WC,WC011,Matzikama,1710830,199854449,67147
FS,FS192,Dihlabeng,5059929,566443757,128704
NW,NW385,Ramotshere Moiloa,2579774,281346123,150713
TSH,TSH,Tshwane,196885787,21275352657,2921488
LIM,LIM334,Ba-Phalaborwa,2826165,298399518,150637
LIM,LIM351,Blouberg,1325343,138536643,162629
KZN,KZN431,Ingwe,708878,73777269,100548
GT,GT423,Lesedi,4662647,476286311,99520
KZN,KZN272,Jozini,1199370,122223224,186502
MP,MP322,Mbombela,15327210,1537670614,588794
ETH,ETH,eThekwini,248510818,24423514180,3442361
LIM,LIM353,Molemole,1169180,109554429,108321
MP,MP313,Steve Tshwete,14347255,1203303581,229831
NC,NC076,Thembelihle,465797,37111564,15701
WC,WC045,Oudtshoorn,4945950,393842390,95933
KZN,KZN212,Umdoni,1735626,136002890,78875
NW,NW373,Rustenburg,37793658,2809462375,549575
KZN,KZN216,Hibiscus Coast,8439314,624087671,256135
KZN,KZN275,Mtubatuba,1531312,103120982,175425
MP,MP303,Mkhondo,4033691,270322675,171982
LIM,LIM474,Fetakgomo,1129443,74724762,93795
NW,NW396,Lekwa-Teemane,2809150,185830852,53248
WC,WC012,Cederberg,2590243,170363975,49768
NW,NW403,Matlosana,26332594,1701072557,398676
MAN,MAN,Mangaung,77361862,4958020941,747431
EC,EC441,Matatiele,3672275,234034968,203843
KZN,KZN232,Emnambithi/Ladysmith,8390210,525366664,237437
WC,WC013,Bergrivier,3387818,209544725,61897
EC,EC106,Sundays River Valley,2012548,122756467,54504
MP,MP307,Govan Mbeki,22737891,1378889465,294538
WC,WC022,Witzenberg,7625021,396721818,115946
KZN,KZN263,Abaqulusi,9374998,456312392,211060
WC,WC043,Mossel Bay,16998024,819824365,89430
LIM,LIM341,Musina,3364000,149564278,68359
KZN,KZN261,eDumbe,1602946,69774654,82053
FS,FS204,Metsimaholo,15854941,682115826,149108
KZN,KZN266,Ulundi,5120584,210580676,188317
KZN,KZN292,KwaDukuza,25973087,1051410287,231187
WC,WC026,Langeberg,10845894,437086338,97724
KZN,KZN282,uMhlathuze,59985915,2307446988,334459
CPT,CPT,Cape Town,729138879,26104779478,3740026
WC,WC041,Kannaland,3360266,120247700,24767
LIM,LIM343,Thulamela,13144284,453106619,618462
KZN,KZN225,Msunduzi,102750782,3484538419,618536
WC,WC032,Overstrand,22739348,748917475,80432
NW,NW383,Mahikeng,14286566,465505363,291527
GT,GT421,Emfuleni,153353108,4735853249,721663
EC,EC442,Umzimvubu,7011338,186114837,191620
WC,WC023,Drakenstein,58128194,1489943068,251262
NW,NW401,Ventersdorp,5817636,122280416,56702
WC,WC044,George,60966463,1241482922,193672
WC,WC015,Swartland,23734391,455845062,113762
GT,GT483,Westonaria,23578357,424990694,111767
KZN,KZN284,uMlalazi,15272911,253738865,213601
GT,GT422,Midvaal,48726013,688041369,95301
WC,WC025,Breede Valley,52035142,723383192,166825
WC,WC024,Stellenbosch,82633002,1099040652,155733
WC,WC031,Theewaterskloof,29835407,390322190,108790
WC,WC034,Swellendam,15303083,192146730,35916
WC,WC048,Knysna,45207835,558914961,68659
GT,GT481,Mogale City,170003359,2006543674,362422
NW,NW404,Maquassi Hills,26318845,296819251,77794
KZN,KZN222,uMngeni,24203330,257402763,92710
WC,WC042,Hessequa,29854615,313750138,52642
NC,NC073,Emthanjeni,19521175,185183222,42356
LIM,LIM366,Bela-Bela,29904329,283647767,66500
WC,WC053,Beaufort West,40873666,237415297,49586
KZN,KZN285,Mthonjaneni,15883762,72357590,47818
WC,WC052,Prince Albert,12579551,53769842,13136
KZN,KZN273,The Big Five False Bay,10019750,42460958,35258
NC,NC071,Ubuntu,52473517,107210918,18601
